Title,Price,Special Price,Link,Site
Orient electric Areva fan heater|2000W power|2 heating modes...,3590,1299,https://dealsheaven.in/deal/orient-electric-areva-fh20wp-20001000-watts-fan-room-heater-with-adjustable-thermostat-white,Amazon
Maharaja Viva Steller Electric Kettle | 1.5L | 1350W Power |...,1350,649,https://dealsheaven.in/deal/maharaja-viva-steller-electric-kettle-15l-1350w-power-stainless-steel-kettle-dry-boil-protection-concealed-heating-element-overheating-protection-auto-shut-off-1-yr-warranty,Amazon
Nike Girl's 100% Cotton Above The Knee Dress (CK2776-101_Whi...,2495,824,https://dealsheaven.in/deal/nike-girls-100-cotton-above-the-knee-dress-ck2776-101-whitebleached-coralblack-m,Amazon
Portronics Adapto 62 2.4A 12W Mach USB Port USB Fast Wall Ch...,399,169,https://dealsheaven.in/deal/portronics-adapto-62-usb-wall-adapter-without-cable-24a-fast-charging-single-usb-port-for-all-ios-android-devices-black,Amazon
"KARACHI BAKERY KARACHI HALWA,200g",150,85,https://dealsheaven.in/deal/karachi-bakery-karachi-halwa200g,Amazon
GANESH Plastic Quadra Tea Coaster Set for Dining Table for H...,156,98,https://dealsheaven.in/deal/ganesh-plastic-quadra-tea-coaster-set-for-dining-table-for-hot-pots-coasters-for-cups-set-of-6,Amazon
Kwality Pani Puri kit 43 pcs with 2 Different Flavours Sweet...,100,60,https://dealsheaven.in/deal/kwality-pani-puri-kit-43-pcs-with-2-different-flavours-sweet-and-spicy-pani-powder-150g-pack-1,Amazon
Nike Girl's Fitted T-Shirt (CN0836-010_Black L),1195,539,https://dealsheaven.in/deal/nike-girls-fitted-t-shirt-cn0836-010-black-l,Amazon
Safari ARC Polyester 55 cms Blue Travel Duffle (ARC55RLBLU),13620,1199,https://dealsheaven.in/deal/safari-arc-polyester-55-cms-blue-travel-duffle-arc55rlblu,Amazon
Good Karma 2 Ply Eco-Friendly Unbleached Facial Tissue Box |...,400,98,https://dealsheaven.in/deal/good-karma-2-ply-eco-friendly-unbleached-facial-tissue-box-car-tissue-pack-of-2-100-pulls-per-box-200-sheets,Amazon
"PHILIPS Hue Gen 3 Smart Light E27 Color Ambiance 9W Bulb, Bl...",0,220,https://dealsheaven.in/deal/philips-hue-gen-3-smart-light-e27-color-ambiance-9w-bulb-bluetooth-zigbee-compatible-hue-bridge-optional-compatible-with-alexa-google-assistant-white-pack-of-1,Amazon
Aristo Store Queen111 Plastic Storage Container-320 ml (4 PC...,130,84,https://dealsheaven.in/deal/aristo-store-queen111-plastic-storage-container-320-ml-4-pcs-set,Amazon
Attro Helix Plastic Unbreakable Fridge 1000ml Water Bottle f...,300,79,https://dealsheaven.in/deal/attro-helix-plastic-unbreakable-fridge-1000ml-water-bottle-for-office-sports-school-travelling-gym-yoga-bpa-and-leak-free-assorted-set-of-2,Amazon
"AMIFIT Premium Hand Grip Strengthener with Foam Handle, Hand...",399,69,https://dealsheaven.in/deal/amifit-premium-hand-grip-strengthener-with-foam-handle-hand-gripper-for-men-women-for-gym-workout-hand-exercise-equipment-to-use-in-home-blue-black,Amazon
Havells Vestio Steam Iron Press 1600 Watts With Anti Drip Se...,2549,1649,https://dealsheaven.in/deal/havells-vestio-steam-iron-press-1600-watts-with-anti-drip-self-cleaning-function-horizontal-vertical-steam-non-stick-coated-sole-plate-2-years-manufacturer-warranty-blue,Amazon
Reebok Men Synthetic/Textile Fitness 24/7 M Running Shoes Bl...,3299,1020,https://dealsheaven.in/deal/reebok-men-synthetictextile-fitness-247-m-running-shoes-blackgolden-bronze-uk-8,Amazon
[Apply coupon] Amazon Basics 400 mm 2-in-1 BLDC Pedestal Fan...,6699,2799,https://dealsheaven.in/deal/amazon-basics-400-mm-2-in-1-bldc-pedestal-fan-with-remote-control-and-26-speed-fuctions-5-star-rated-with-efficient-copper-motor-white,Amazon
"Haans AB Roller Wheel for Muscle Training, Tighten Waist and...",1999,335,https://dealsheaven.in/deal/haans-ab-roller-wheel-for-muscle-training-tighten-waist-and-abdomen-abdominal-exercise-core-workout-gym-equipment-for-men-and-women-orange,Amazon
Wahl 1411.0010 Corded Trimmer (Black),3500,699,https://dealsheaven.in/deal/wahl-14110010-corded-trimmer-black,Amazon
"Haans AB Roller Wheel for Muscle Training, Tighten Waist and...",1999,373,https://dealsheaven.in/deal/haans-ab-roller-wheel-for-muscle-training-tighten-waist-and-abdomen-abdominal-exercise-core-workout-gym-equipment-for-men-and-women-blue,Amazon
Campus Men's Ignite PRO BLU/RED Running Shoes - 6UK/India 22...,1099,459,https://dealsheaven.in/deal/campus-mens-ignite-pro-blured-running-shoes-6ukindia-22g-287,Amazon
VW Sonic Bar | 120W Soundbar | 2.1 Channel Home Theatre | 5....,16999,3999,https://dealsheaven.in/deal/vw-sonic-bar-120w-soundbar-21-channel-home-theatre-525-wired-subwoofer-multiple-connectivity-sleek-design-black,Amazon
Park Avenue Men Neo Signature Collection | Deodorant Spray |...,500,199,https://dealsheaven.in/deal/park-avenue-men-neo-signature-collection-deodorant-spray-fresh-long-lasting-aroma-150ml-each-pack-of-2,Amazon
Campus Men's Brazil PRO Full BLK/Golden Training/Gym Shoes -...,1599,611,https://dealsheaven.in/deal/campus-mens-brazil-pro-full-blkgolden-traininggym-shoes-6ukindia-11g-749,Amazon
Happer Plastic Premium Multipurpose Wall Mounted Storage Cab...,2086,999,https://dealsheaven.in/deal/happer-plastic-premium-multipurpose-wall-mounted-storage-cabinet-with-mirror-prime-look-black,Amazon
crocs Unisex Adult Classic Spray Dye Flip WHI/MLTI White Sli...,2295,1052,https://dealsheaven.in/deal/crocs-unisex-adult-classic-spray-dye-flip-whimlti-white-slipper-208056-94s,Amazon
Puma Mens Foam Stride Navy-Fizzy Lime-White Running Shoe - 9...,4499,1349,https://dealsheaven.in/deal/puma-mens-foam-stride-navy-fizzy-lime-white-running-shoe-9uk-37999202,Amazon
Campus Men's Callisto BLU/F.GRN Walking Shoes - 8UK/India 22...,2199,780,https://dealsheaven.in/deal/campus-mens-callisto-blufgrn-walking-shoes-8ukindia-22g-149a,Amazon
new balance Drift Men Running Sport Shoe Light Aluminum/Lead...,4999,1444,https://dealsheaven.in/deal/new-balance-drift-men-running-sport-shoe-light-aluminumlead-uk-8,Amazon
DERMATOUCH Salicylic Acid 2% Face Wash | For Acne & Oil Cont...,299,168,https://dealsheaven.in/deal/dermatouch-salicylic-acid-2-face-wash-for-acne-oil-control-suitable-to-all-skin-types-for-both-men-women-100ml,Amazon
"FCUK New Tide Smart Watch|1.39"" Round Display| 360x360 High...",7999,799,https://dealsheaven.in/deal/fcuk-new-tide-smart-watch139-round-display-360x360-high-resolution-singlesync-bt-callingbuilt-in-ai-voice-assistant-premium-textured-strapsupto-5-day-battery120-sports-modes-fcsw01-d,Amazon
"Halonix 2-in-1 Dimmable 9W,0.5W Multi Wattage Adjustable Lig...",399,169,https://dealsheaven.in/deal/halonix-2-in-1-all-rounder-9w05w-b22-led-bulb-cool-white-off-whitepack-of-2-multi-wattage-with-adjustable-led-light,Amazon
Status Contract Bath Towels |(120 X 60 Cm) Coral Fleece Quic...,1499,211,https://dealsheaven.in/deal/status-contract-bath-towels-120-x-60-cm-coral-fleece-quick-dry-towel-super-absorbent-soft-luxury-bath-towels-with-hook-hair-towel-for-men-women-red-set-of-3-350-tc-polyester-blend,Amazon
"UV-Squad De-tan Clay Mask with Niacinamide, 100 gm",549,99,https://dealsheaven.in/deal/uv-squad-de-tan-clay-mask-with-niacinamide-100-gm,Amazon
Bata Comfit Women's Crystal Thong Red Sandal-4 Kids UK (5715...,1299,447,https://dealsheaven.in/deal/bata-comfit-womens-crystal-thong-red-sandal-4-kids-uk-5715137,Amazon
WONDERCUT Wc-Ed13-R Impact Drill Machine Reversible Hammer D...,4099,1085,https://dealsheaven.in/deal/wondercut-wc-ed13-r-impact-drill-machine-reversible-hammer-driver-variable-speed-screwdriver-13mm-650w-red,Amazon
"Vim Shudhham Gel for Copper, Brass, Silver, 250ml (Pack of 2...",300,60,https://dealsheaven.in/deal/vim-shudhham-gel-for-copper-brass-silver-250ml-pack-of-2,Amazon
"GM Excel35 Ceiling Fan White 1200 MM 380 RPM, 5 Star Rated,...",4700,2454,https://dealsheaven.in/deal/gm-excel35-ceiling-fan-white-1200-mm-380-rpm-5-star-rated-energy-efficient-bldc-motorwith-remote-control-prelubricated-closed-type-double-ball-bearing-high-air-thurst-suitable-for-liing-room,Amazon
Morphy Richards Kingsman Elite | 3-in-1 Multipurpose Trimmer...,1999,999,https://dealsheaven.in/deal/morphy-richards-kingsman-elite-3-in-1-multipurpose-trimmer-for-men-grooming-kit-trimmer-shaver-nose-ear-trimmerusb-rechargeablestainless-steel-bladesquick-charge2-yr-warrantygift-for-him,Amazon
More Light Extra Power Liquid Detergent 5 Litre Pouch with E...,525,329,https://dealsheaven.in/deal/more-light-extra-power-liquid-detergent-5-litre-pouch-with-enzymatic-action-removes-tough-stain-laundry-liquid-detergent-with-refreshing-fragrance-for-bucket-wash-top-load-front-load-machines,Amazon
Adidas Womens Speedmotion Legink/NGTMET/BLUDAW Sneaker - 4 U...,8999,2249,https://dealsheaven.in/deal/adidas-womens-speedmotion-leginkngtmetbludaw-sneaker-4-uk-hp5693,Amazon
Rejusure Hyaluronic Acid Facial Serum – Advance Anti – Aging...,600,99,https://dealsheaven.in/deal/rejusure-hyaluronic-acid-facial-serum-advance-anti-aging-hydration-30-ml,Amazon
Reebok Mens Stridium 2.0 Shoes Grey,5599,1280,https://dealsheaven.in/deal/reebok-mens-stridium-20-shoes-grey,Amazon
Blaupunkt BH31 Bluetooth Wireless Over Ear Headphones I 40MM...,2999,1349,https://dealsheaven.in/deal/blaupunkt-bh31-bluetooth-wireless-over-ear-headphones-i-40mm-drivers-i-hd-sound-i-soft-pu-headband-with-built-in-mic-i-turbovolt-fast-charging,Amazon
Amrit Unrefined Double Filtered Cold Pressed Sesame Oil (2L)...,1398,625,https://dealsheaven.in/deal/amrit-unrefined-double-filtered-cold-pressed-sesame-oil-2l-perfect-for-cooking-at-home-cafes-restaurants-and-hotels-supports-bone-health-improves-blood-circulation-promotes-heart-wellness,Amazon
Acer Lite Extra Soft Padded Backpack Panel with Airmesh (16...,1999,799,https://dealsheaven.in/deal/acer-lite-extra-soft-padded-backpack-panel-with-airmesh-16-litre-capacityheavy-duty-sbs-zipperspremium-1680d-polyester-fabric-premium-black-and-green,Amazon
Bikano Chana Almond Bite 350gram Sweets Mithai,499,149,https://dealsheaven.in/deal/bikano-chana-almond-bite-350gram-sweets-mithai,Amazon
"Under Armour UA W TRIBASE Reign 4 Women's Training Shoes, Bl...",12499,3430,https://dealsheaven.in/deal/under-armour-ua-w-tribase-reign-4-womens-training-shoes-black-6,Amazon
BSB HOME Super Soft Cloudy Printed Double Bed Blanket for He...,3999,1299,https://dealsheaven.in/deal/bsb-home-super-soft-cloudy-printed-double-bed-blanket-for-heavy-winter-single-ply-mink-blanket-king-size-with-220-x-230-cm-35-kg-grey-blue-pack-of-1,Amazon
Woodland Men's Khaki Leather Sneaker-10 UK (44 EU) (G 40777C...,3895,1752,https://dealsheaven.in/deal/woodland-mens-khaki-leather-sneaker-10-uk-44-eu-g-40777cma,Amazon
Skechers Mens Equalizer 4.0 - Generation Black Sneaker - 7 U...,5499,2046,https://dealsheaven.in/deal/skechers-mens-equalizer-40-generation-black-sneaker-7-uk-232022,Amazon
Campus Men's Ignite PRO BLU/RED Running Shoes - 7UK/India 22...,1099,459,https://dealsheaven.in/deal/campus-mens-ignite-pro-blured-running-shoes-7ukindia-22g-287,Amazon
Campus Men's Ignite PRO BT.GRN Running Shoes - 7UK/India 22G...,1099,459,https://dealsheaven.in/deal/campus-mens-ignite-pro-btgrn-running-shoes-7ukindia-22g-287,Amazon
"new balance Drift Men Running Sport Shoe Vision Blue/Black,...",4999,1032,https://dealsheaven.in/deal/new-balance-drift-men-running-sport-shoe-vision-blueblack-uk-10,Amazon
"ZEBRONICS Zeb-Comfort Wired USB Mouse, 3-Button, 1000 DPI Op...",299,99,https://dealsheaven.in/deal/zebronics-zeb-comfort-wired-usb-mouse-3-button-1000-dpi-optical-sensor-plug-play-for-windowsmac-black,Amazon
FTX Men Round Neck Printed Multicolor Sports Vest (846_2-846...,775,199,https://dealsheaven.in/deal/ftx-men-round-neck-printed-multicolor-sports-vest-846-2-846-7-l,Amazon
Macroman M-Series Unisex Kid's Regular Fit Shirt (KF5102_Bla...,419,155,https://dealsheaven.in/deal/macroman-m-series-unisex-kids-regular-fit-shirt-kf5102-black-3-4-years,Amazon
"[Apply coupon] Vector X Blast-7.0 Stud Cricket Shoes, Synthe...",2549,472,https://dealsheaven.in/deal/vector-x-blast-70-stud-cricket-shoes-synthetic-upper-rubber-outsole-designed-to-elevate-your-game-to-new-heights-power-precision-and-comfortwhite-red-size-9,Amazon
"Surf Excel Matic 3 in 1 Smart Shots 17 pcs, Laundry Detergen...",408,204,https://dealsheaven.in/deal/surf-excel-matic-3-in-1-smart-shots-17-pcs-laundry-detergent-pods-for-tough-stain-removal-in-front-load-top-load-washing-machines-fragrance-care,Amazon
Longway Vesta 5.5 Ltr 5 Star Rated Instant Water Heater for...,5499,2499,https://dealsheaven.in/deal/longway-vesta-55-ltr-5-star-rated-instant-water-heater-for-home-with-advanced-multi-layered-safety-system-anti-rust-coating-suitable-for-kitchen-bathroom-5-year-warranty-gray-55-ltr,Amazon
Sonata Poze Quartz Blue Dial Brown Leather Strap for Men-SP7...,1425,387,https://dealsheaven.in/deal/sonata-poze-quartz-blue-dial-brown-leather-strap-for-men-sp70047sl01w,Amazon
BSB HOME Microfiber Reversible AC Comforter/Blanket for Doub...,2999,849,https://dealsheaven.in/deal/bsb-home-microfiber-reversible-ac-comforterblanket-for-double-bed-ultra-soft-dual-colour-all-weather-duvet-light-grey-black-200-gsm-90-x-100-inches,Amazon
"Zinnia Diagonal Super Soft Microfiber Pillow for Sleeping, B...",1199,286,https://dealsheaven.in/deal/zinnia-diagonal-super-soft-microfiber-pillow-for-sleeping-basic-size-41-x-61-cm-light-greygranite-grey-pack-of-2,Amazon
FUSEFIT Women's Fleece High Neck Sweatshirt (FFA-WT053-03-L-...,1499,383,https://dealsheaven.in/deal/fusefit-womens-fleece-high-neck-sweatshirt-ffa-wt053-03-l-1499-pink-l,Amazon
"Evereve Tampons, For Heavy Menstrual flow, 20 pcs, Super abs...",315,104,https://dealsheaven.in/deal/evereve-tampons-for-heavy-menstrual-flow-20-pcs-super-absorption-safe-soft-comfortable-stain-free-periods-rash-free-prevents-odour-fda-approved-biodegradable,Amazon
Boldfit Badminton Shoes Shuttle Non Marking Shoes for Badmin...,4199,1699,https://dealsheaven.in/deal/boldfit-badminton-shoes-shuttle-non-marking-shoes-for-badminton-men-light-badminton-shoes-for-women-badminton-shoes-men-breathable-non-marking-shoes-for-badminton-anti-skid-badminton-shoe-black-9,Amazon
DABUR Odonil Exotic Automatic Spray - 225ml | Machine + 1 Re...,599,349,https://dealsheaven.in/deal/dabur-odonil-exotic-automatic-spray-225ml-machine-1-refill-sensual-dahlia-2x-long-lasting-2200-sprays-guaranteed-lasts-upto-60-days,Amazon
"Sunfeast Farmlite 5 Grain Digestive Biscuit, High Fibre Bisc...",240,151,https://dealsheaven.in/deal/sunfeast-farmlite-digestive-high-fibre-biscuit-bag-mega-family-pack-800g1kg-weight-may-vary,Amazon
Amazon Brand - Symactive Leakproof Unbreakable Gym Protein S...,500,129,https://dealsheaven.in/deal/amazon-brand-symactive-leakproof-unbreakable-gym-protein-shaker-gallon-bottle-with-carry-loop-bpa-free-colour-neon-yellow-1800-mlplastic,Amazon
Turtle Helmet Star with Visor Ventilated Design with Scratch...,1999,777,https://dealsheaven.in/deal/turtle-helmet-star-with-visor-ventilated-design-with-scratch-resistive-clear-visor-hard-shell-abs-plastic-helmet-white-large-size-l-60-cm,Amazon
Kitchenwell Multi-Purpose Trolley Storage Organizer and Kitc...,2499,1999,https://dealsheaven.in/deal/kitchenwell-multi-purpose-trolley-storage-organizer-and-kitchen-accessories-items-for-kitchen-storage-rack-square-design-fruits-vegetable-onion-cutlery-matt-black-3-layer-drawer,Amazon
playR Atom 27.5 Inch - Alloy Single Speed - Front Wheel Shoc...,30999,5947,https://dealsheaven.in/deal/playr-atom-275-inch-alloy-single-speed-front-wheel-shock-abs-front-and-rear-disc-brake-feather-black,Amazon
Crompton 5 Meter Strip Light Pink 300 LEDs (Pack of 12) (Wit...,9600,2732,https://dealsheaven.in/deal/crompton-5-meter-strip-light-pink-300-leds-pack-of-12-without-driver,Amazon
Nivia Euro - 6 Female Capri Size - S (Lilac),849,156,https://dealsheaven.in/deal/nivia-euro-6-female-capri-size-s-lilac,Amazon
Lavie Sport Lime 26L Floral Printed School Backpack for Girl...,3599,589,https://dealsheaven.in/deal/lavie-sport-lime-26l-floral-printed-school-backpack-for-girls-navy,Amazon
"Cockatoo AM333- Zebra Print Swim Shorts for Men, Dry-Fit Act...",1499,242,https://dealsheaven.in/deal/cockatoo-am333-zebra-print-swim-shorts-for-men-dry-fit-active-wear-menblue-ml,Amazon
"Vlogging Kit 6 in 1 for iPhone, Android (with Tripod), Mini...",999,599,https://dealsheaven.in/deal/vlogging-kit-6-in-1-for-iphone-android-with-tripod-mini-led-cardioid-microphone-phone-clip-tripod-for-live-broadcasting-video-calling-vlogging-youtube-instagram,Amazon
Modeve Printed Women Navy Track Pant,999,304,https://dealsheaven.in/deal/modeve-printed-women-navy-track-pant,Amazon
"[Apply coupon] Vector X Blast-7.0 Stud Cricket Shoes, Synthe...",2549,507,https://dealsheaven.in/deal/vector-x-blast-70-stud-cricket-shoes-synthetic-upper-rubber-outsole-designed-to-elevate-your-game-to-new-heights-power-precision-and-comfortwhite-black-size-9,Amazon
EVM 1TB 2.5 Inch SATA Internal SSD - Read: 550MB/s & Write:...,10999,4513,https://dealsheaven.in/deal/evm-1tb-25-inch-sata-internal-ssd-read-550mbs-write-500mbs-sata-solid-state-drive-5years-warranty-evm251tb,Amazon
Vulc Raid3R Women Casual Sneakers,5599,1634,https://dealsheaven.in/deal/vulc-raid3r-women-casual-sneakers,Amazon
Reebok Womens Female Stride Walker W Rose/Cold Grey 7R Walki...,2799,823,https://dealsheaven.in/deal/reebok-womens-female-stride-walker-w-rosecold-grey-7r-walking-shoe-4-uk-gb2063,Amazon
Stallion Cajon SL11- Oak Wood (H:50 W:30 L:30) - 3 Internal...,7999,2669,https://dealsheaven.in/deal/stallion-adjustable-snare-cajon-sl11-oak-wood-h50-w30-l30-3-internal-snares,Amazon
Faber 60 cm 1000 m³/HR T-Shape Kitchen Chimney || Baffle Fil...,22900,6990,https://dealsheaven.in/deal/faber-60-cm-1000-m3hr-t-shape-kitchen-chimney-baffle-filter-12-years-warranty-on-motor-motor-250-watt-hood-mars-pb-bf-bk-60,Amazon
"[Apply coupon] TECNO POVA 6 NEO 5G (Midnight Shadow, 8GB+256...",16999,12999,https://dealsheaven.in/deal/tecno-pova-6-neo-5g-midnight-shadow-8gb256gb-advanced-ai-features-108mp-ultra-clear-ai-camera-d6300-powerful-processor-5-year-lag-free-fluency-5000-mah-battery-inbuilt-infrared-and-nfc,Amazon
Doctor Walk Flip Flop for Women | Soft Comfortable | Breatha...,699,189,https://dealsheaven.in/deal/doctor-walk-flip-flop-for-women-soft-comfortable-breathable-fashionable-stylish-trendy-super-soft-lightweight-anti-slip-sole-indoor-outdoor-dw-026-green-07,Amazon
"UNDER ARMOUR Women's Running Shoes White,5",9999,2869,https://dealsheaven.in/deal/under-armour-womens-running-shoes-white5,Amazon
POLYCAB Celestia 5-Star 10L Water Heater (Geyser) | Free Ins...,10490,4999,https://dealsheaven.in/deal/polycab-celestia-5-star-10l-water-heater-geyser-free-installation-5-yr-tank-2-yr-product-warranty-temperature-control-knob-enhanced-safety-rust-proof-tank-efficient-heatingwhite,Amazon
Reebok Womens Lunar Walk W Aura Orange/Punch Berry Walking S...,3799,904,https://dealsheaven.in/deal/reebok-womens-lunar-walk-w-aura-orangepunch-berry-walking-shoe-6-uk-85-us-gb1943,Amazon
Clovia Women's Polyester Sports Short Sleeve T-Shirt Dress (...,999,249,https://dealsheaven.in/deal/clovia-womens-polyester-sports-short-sleeve-t-shirt-dress-at0129p01-grey-m,Amazon
"[Apply coupon] MamyPoko Pants Extra Absorb Baby Diapers, X-L...",1399,714,https://dealsheaven.in/deal/mamypoko-pants-extra-absorb-baby-diapers-x-large-xl-52-count-12-17kg,Amazon
"[Apply coupon] MamyPoko Pants Extra Absorb Baby Diapers, XX-...",1399,717,https://dealsheaven.in/deal/mamypoko-pants-extra-absorb-baby-diapers-xx-large-xxl-44-count-15-25kg,Amazon
Puma Women Regular Fit Cotton Pants (56728104_Blue_One Size),2299,689,https://dealsheaven.in/deal/puma-women-regular-fit-cotton-pants-56728104-blue-one-size,Amazon
Clovia Women's Slim Yoga Pants (AB0042F19M_Multicolor,1199,346,https://dealsheaven.in/deal/clovia-womens-slim-yoga-pants-ab0042f19m-multicolor,Amazon
Amazon Brand - Eden & Ivy Women's Cotton Blend High Neck;Cre...,1599,339,https://dealsheaven.in/deal/amazon-brand-eden-ivy-womens-cotton-blend-high-neckcrew-neck-regular-sweatshirt-ei-aw20-swb05-red-medium-red-m,Amazon
"Makeup Revolution Makeup Revolution Blender Bestie, Pink",599,156,https://dealsheaven.in/deal/makeup-revolution-makeup-revolution-blender-bestie-pink,Amazon
"Just Herbs Nail Polish 12 Chemical Free Formula Quick Dry, G...",149,46,https://dealsheaven.in/deal/just-herbs-nail-polish-12-chemical-free-formula-quick-dry-glossy-finish-and-long-lasting-nail-paints-minty-fresh,Amazon
"Raisco Anti Bird Net for Balcony, 3 x 3, Green",285,38,https://dealsheaven.in/deal/raisco-anti-bird-net-for-balcony-3-x-3-green,Amazon
WOW Skin Science Hydrating Himalayan Rose Face Serum | Rose...,599,162,https://dealsheaven.in/deal/wow-skin-science-hydrating-himalayan-rose-face-serum-rose-essential-oil-beetroot-vitamin-b5-e-for-repair-blemishes-toning-bright-skin-paraben-free-for-women-men-30-ml,Amazon
"UV Squad Daily De-tan Cleanser with Niacinamide, Vitamin C |...",349,76,https://dealsheaven.in/deal/uv-squad-daily-de-tan-cleanser-with-niacinamide-vitamin-c-proven-to-reduce-tan-in-7-days,Amazon
[Apply Coupon] Aravi Organic Wine Soft Matte Long Stay Lipst...,199,96,https://dealsheaven.in/deal/apply-coupon-aravi-organic-wine-soft-matte-long-stay-lipstick-matte-liquid-lipstick-with-almond-oil-vitamin-e-waterproof-ultra-smooth-15-ml,Amazon
Status Contract Bath Towels |(70 x140 cm) Coral Fleece Quick...,899,192,https://dealsheaven.in/deal/status-contract-bath-towels-70-x140-cm-coral-fleece-quick-dry-towel-luxury-bath-towels-with-hook-lightweight-travel-towel-microfiber-hair-towel-for-men-women-blue-300-tc,Amazon
AND Women's Regular Shirt (SS22AB057TR215_Pink 14),1699,187,https://dealsheaven.in/deal/and-womens-regular-shirt-ss22ab057tr215-pink-14,Amazon
"Lava O3 (Glossy Black, 4 GB RAM, 64 GB Storage) | Ultra Fast...",7199,6199,https://dealsheaven.in/deal/lava-o3-glossy-black-4-gb-ram-64-gb-storage-ultra-fast-octa-core-processor-675-hd-display-13mp-ai-dual-rear-camera-5000-mah-battery,Amazon
Blaupunkt Newly Launched SBW100 Pro+ 2.1 CH Soundbar with Wi...,14990,4372,https://dealsheaven.in/deal/blaupunkt-newly-launched-sbw100-pro-21-ch-soundbar-with-wired-subwoofeer-i-100w-rms-i-hdmi-arc-i-bluetooth-i-aux-i-usb-i-remote-control-with-equalizer,Amazon
Vibez by Lifelong Cacia Women Smartwatch Bluetooth Calling 1...,16999,1089,https://dealsheaven.in/deal/vibez-by-lifelong-cacia-women-smartwatch-bluetooth-calling-109-hd-display24x7-heart-rate-spo2-tracking-sleep-monitorip678-sports-mode3-days-battery-backupvbsww810white,Amazon
Libas Women's Rayon Blend Printed Straight Kurtas (26241_Red,1899,569,https://dealsheaven.in/deal/libas-womens-rayon-blend-printed-straight-kurtas-26241-red,Amazon
Status Contract 3 x 5 Feet Multi Printed Vintage Persian Car...,2999,799,https://dealsheaven.in/deal/status-contract-3-x-5-feet-multi-printed-vintage-persian-carpet-rug-runner-for-bedroomliving-areahome-with-anti-slip-backing,Amazon
GoSriKi Women's Cotton Blend Straight Printed Kurta with Pan...,2599,559,https://dealsheaven.in/deal/gosriki-womens-cotton-blend-straight-printed-kurta-with-pant-dupatta-dmpl-rani-nw-gs-xxl-pink-xx-large,Amazon
Levi's Men's Cotton Style #011 Comfort Regular Fit Solid Bri...,370,236,https://dealsheaven.in/deal/levis-mens-cotton-style-011-comfort-regular-fit-solid-brief-pack-of-2-011-brief-navynavy-p2-navy-l,Amazon
Proline Women's Tights (PA18888_AQ_S_Multicolor_Small),1499,266,https://dealsheaven.in/deal/proline-womens-tights-pa18888-aq-s-multicolor-small,Amazon
"amazon basics Wired Gaming Mouse | High Precision 1600 DPI,...",549,199,https://dealsheaven.in/deal/amazon-basics-wired-gaming-mouse-high-precision-1600-dpi-rainbow-led-lights-dpi-switch-lightweight-and-portable,Amazon
Layer'r Wottagirl Classic Collection Heaven Body Splash 135m...,386,155,https://dealsheaven.in/deal/layerr-wottagirl-classic-collection-heaven-body-splash-135ml-with-secret-crush-60mlpack-of-2,Amazon
[ICICI Offer] wakeup INDIA SpineAlign Tech Orthopedic Memory...,15057,10639,https://dealsheaven.in/deal/icici-offer-wakeup-india-spinealign-tech-orthopedic-memory-foam-mattress-10-years-warranty-single-bed-medium-firm-mattresses-memory-foam-10-inch-mattresses-single-size-78x30x10-inches-white,Amazon
The Sleep Company SnowTec™ 4-6 Degree Cooler SmartGRID Ortho...,43320,30660,https://dealsheaven.in/deal/the-sleep-company-snowtec-4-6-degree-cooler-smartgrid-orthopedic-king-size-mattress-patented-japanese-smartgrid-technology-snowtec-technology-aiha-certified-orthopedic-mattress-78x72x8,Amazon
"NutriGlow NATURAL'S Ubtan Facial Kit For Glowing Skin, Tan R...",150,75,https://dealsheaven.in/deal/nutriglow-naturals-ubtan-facial-kit-for-glowing-skin-tan-removal-with-haldi-chandan-60gm,Amazon
Bajaj Almond Drops Moisturizing Soap 5 X 125g,495,188,https://dealsheaven.in/deal/bajaj-almond-drops-moisturizing-soap-5-x-125g,Amazon
Bumtum Baby Chota Bheem Gentle Soft Moisturizing Wet Wipes W...,1791,394,https://dealsheaven.in/deal/bumtum-baby-chota-bheem-gentle-soft-moisturizing-wet-wipes-with-lid-aloe-vera-chamomile-extracts-paraben-sulfate-free-pack-of-9-72-pcs-per-pack,Amazon
"Bumtum Baby Diaper Pants, XXXL Size, 48 Count, Double Layer...",2198,649,https://dealsheaven.in/deal/bumtum-baby-diaper-pants-xxxl-size-48-count-double-layer-leakage-protection-infused-with-aloe-vera-cottony-soft-high-absorb-technology-pack-of-2,Amazon
Bumtum Baby Talcum Powder With Aloe Vera For Babies Paraben...,249,68,https://dealsheaven.in/deal/bumtum-baby-talcum-powder-with-aloe-vera-paraben-sulfate-free-derma-tested-100g,Amazon
"Larah by Borosil Oak Opalware Mug, Set of 12 Tea/Coffee Mugs...",995,395,https://dealsheaven.in/deal/larah-by-borosil-oak-opalware-mug-set-of-12-teacoffee-mugs-180-ml-each-microwave-dishwasher-safe-bone-ash-free-crockery-set-ideal-for-daily-use-gifting-white,Amazon
Larah by Borosil Shadow Opalware Cup and Saucer Set of 12 pc...,715,282,https://dealsheaven.in/deal/larah-by-borosil-shadow-opalware-cup-and-saucer-set-of-12-pcs-teacoffee-cups-140-ml-microwave-dishwasher-safe-bone-ash-free-crockery-set-ideal-for-daily-use-gifting-white,Amazon
GoSriKi Women's Cotton Blend Straight Printed Kurta with Pan...,2599,499,https://dealsheaven.in/deal/gosriki-womens-cotton-blend-straight-printed-kurta-with-pant-nenisha-cream-jl-gs-l-cream-large,Amazon
The Sleep Company SmartGRID Orthopedic Pro - Doctor Recommen...,57490,32610,https://dealsheaven.in/deal/the-sleep-company-smartgrid-orthopedic-pro-doctor-recommended-pressure-relieving-scientifically-proven-5-zone-support-8-inch-king-size-aiha-certified-firm-mattress-for-back-pain-75x72,Amazon
"FOGG Realman Fresh Mood Deodorant, Strong Body Spray, Long L...",299,120,https://dealsheaven.in/deal/realman-fresh-mood-200-ml,Amazon
"Amazon brand - Solimo Cranberry Muesli, 1kg",600,339,https://dealsheaven.in/deal/amazon-brand-solimo-cranberry-muesli-1kg,Amazon
"Teakwood Unisex Trolley Bag, Hard Cabin Trolley Small, 55 CM...",8199,1399,https://dealsheaven.in/deal/teakwood-leathers-unisex-trolley-bag-hard-cabin-trolley-small-55-cm-trolley-bag-for-travel-lock-system-360-degree-8-rotating-wheel-s-black,Amazon
"Amazon Brand - Supples Premium Diapers, XX-Large (XXL), 126...",3147,1495,https://dealsheaven.in/deal/amazon-brand-supples-premium-diapers-xx-large-xxl-126-count-15-25-kg-12-hrs-absorption-baby-diaper-pants,Amazon
"Amazon Brand - Supples Premium Diapers, X-Large (XL), 54 Cou...",943,525,https://dealsheaven.in/deal/amazon-brand-supples-premium-diapers-x-large-xl-54-count-12-17-kg-12-hrs-absorption-baby-diaper-pants,Amazon
Mygate Smart Locks SE | 5 Ways to Unlock | Fingerprint | Mob...,18490,8450,https://dealsheaven.in/deal/mygate-smart-locks-se-5-ways-to-unlock-fingerprint-mobile-app-access-otppin-access-rfid-card-mechanical-key-decoy-pin-feature-3-years-warranty-a-matte-black,Amazon
Fem Floral Bouquet Soft & Safe Handwash - 1500 ml | Enriched...,199,119,https://dealsheaven.in/deal/fem-floral-bouquet-soft-safe-handwash-1500-ml-enriched-with-goodness-of-coconut-milk-vitamin-e-long-lasting-fragrance,Amazon
WOW Skin Science Brightening 20% Vitamin C Face Serum | Boos...,699,349,https://dealsheaven.in/deal/wow-skin-science-brightening-20-vitamin-c-face-serum-boost-collagen-and-elastin-for-anti-aging-skin-repair-for-dark-circles-fine-lines-glowing-skin-hydrates-30-ml,Amazon
"Charmis Vitamin A,C,E Deep Nourishing Cold Cream, 200ml",299,122,https://dealsheaven.in/deal/charmis-vitamin-ace-deep-nourishing-cold-cream-200ml,Amazon
Kiddums Baby Sunscreen Face Cream | Hydrating Moisturizer fo...,599,237,https://dealsheaven.in/deal/kiddums-baby-sunscreen-face-cream-hydrating-moisturizer-for-face-ultra-lightweight-gel-cream-with-aloevera-carrot-oil-red-rasberry-face-moisturizer-for-dry-skin-oil-free-50ml,Amazon
ATTRO Ultra Pro 2 Motivational 2-Liter BPA-Free Water Bottle...,299,129,https://dealsheaven.in/deal/attro-ultra-pro-2-motivational-2-liter-bpa-free-water-bottle-with-leak-proof-flip-top-cap-nylon-strap-and-stylish-color-for-daily-hydration-violet,Amazon
Hansaplast Fixation Tape Soft (1x24Pc) (1.25cm x 9.14 m),50,25,https://dealsheaven.in/deal/hansaplast-fixation-tape-soft-1x24pc-125cm-x-914-m,Amazon
Cinthol Lime Foam Body Wash - Combi Pack (600ml) | 1 Bottle...,280,182,https://dealsheaven.in/deal/cinthol-lime-foam-body-wash-combi-pack-600ml-1-bottle-2-refill-unique-foam-formula-for-moisturized-irresistibly-soft-skin-suitable-for-all-skin-types,Amazon
Pigeon by Stovekraft Nexa Automatic Electric Dry Iron Press...,1195,699,https://dealsheaven.in/deal/pigeon-by-stovekraft-nexa-automatic-electric-dry-iron-press-box-for-wrinkle-free-clothes-1200-watt-white,Amazon
PHILIPS 5 Meter LED Rope Light | Flexishine Plug n Play Flex...,2000,599,https://dealsheaven.in/deal/philips-5-meter-led-rope-light-flexishine-plug-n-play-flexible-rope-light-for-indoor-and-outdoor-decorations-rope-light-for-false-ceilingbalconydiwalichristmas-warm-white-pack-of-1,Amazon
"Superdrug S/D Hair Therapy Replen T/Mint Mask, 17 ml",195,37,https://dealsheaven.in/deal/superdrug-sd-hair-therapy-replen-tmint-mask-17-ml,Amazon
"[Coupon + Bank offer] Samsung 8 kg, 5 star, Eco Bubble Techn...",55900,31990,https://dealsheaven.in/deal/samsung-8-kg-5-star-eco-bubble-technology-ai-control-wi-fi-fully-automatic-front-load-washing-machine-ww80t504dax1tl-hygiene-steam-inox-awarded-as-washing-machine-brand-of-the-year,Amazon
Kuber Industries Foldable Reusable Smiley Printed Shopping B...,169,110,https://dealsheaven.in/deal/kuber-industries-foldable-reusable-smiley-printed-shopping-bag-with-one-small-pocket-set-of-2green-blue-hs-36-kubmart018760,Amazon
"Wiz Socks for Men, Ultimate Premium Cotton Socks, Breathable...",449,185,https://dealsheaven.in/deal/wiz-socks-for-men-ultimate-premium-cotton-socks-breathable-ankle-length-socks-for-men-women-unisex-free-size-multicolor-pack-of-8,Amazon
"Skybags Brat Wine Red 46 Cms Casual Standard Backpack, 28 Lt",2100,420,https://dealsheaven.in/deal/skybags-brat-wine-red-46-cms-casual-standard-backpack-28-lt,Amazon
Lee Men's Slim Fit T-Shirt (LMTSSM3187_Blue Indigo L),1199,279,https://dealsheaven.in/deal/lee-mens-slim-fit-t-shirt-lmtssm3187-blue-indigo-l,Amazon
"BLOWHOT Lara 75 Cm Smart Chimney 1300 M3/hr, Filterless, Aut...",24490,11490,https://dealsheaven.in/deal/blowhot-lara-75-cm-smart-chimney-1300-m3hr-filterless-autoclean-touch-control-motion-sensor-ss-oil-collector-hydraulic-open-12-year-on-motor-1-yr-general-warranty-free-installation-kit,Amazon
"Philips Ace Saver 9 Watt LED Bulb, Base B22 (Cool Day Light)...",3000,363,https://dealsheaven.in/deal/philips-ace-saver-9-watt-led-bulb-base-b22-cool-day-light-pack-of-6,Amazon
Orient Electric 1200 mm Zeno BLDC | BLDC energy saving ceili...,4600,2699,https://dealsheaven.in/deal/orient-electric-1200-mm-zeno-bldc-bldc-energy-saving-ceiling-fan-with-remote-bee-5-star-rated-saves-up-to-50-on-electricity-bills-3-year-warranty-by-orient-brown-pack-of-1,Amazon
"Hafele Aqua 13XL PRO, 13 Place Settings Stainless Steel Free...",79190,29490,https://dealsheaven.in/deal/hafele-aqua-13xl-pro-13-place-settings-stainless-steel-freestanding-dishwasher-grey,Amazon
"[With Bank offer] MSI Thin 15, Intel 13th Gen. Core i5-13420...",82990,50090,https://dealsheaven.in/deal/msi-thin-15-intel-13th-gen-core-i5-13420h-40cm-fhd-144hz-gaming-laptop16gb512gb-nvme-ssdwindows-11-homenvidia-geforce-rtx-3050gddr6-4gbcosmos-gray186kg-b13uc-1805in,Amazon
Foxsky 165 cm (65 inches) 4K Ultra HD Smart LED TV 65FS-VS (...,129990,39499,https://dealsheaven.in/deal/foxsky-165-cm-65-inches-4k-ultra-hd-smart-led-tv-65fs-vs-black,Amazon
"[Bank offer] ASUS TUF Gaming A15, Ryzen 7 7435HS, 15.6-inch...",83990,54990,https://dealsheaven.in/deal/asus-tuf-gaming-a15-ryzen-7-7435hs-156-inch-3962-cm-fhd-144hz-gaming-laptop-16gb-ram512gb-ssdnvidia-geforce-rtx-3050windows-1148whrgraphite-black23-kg-fa506ncr-hn054w,Amazon
Livpure Astor 90 1250 m3/hr Curved Glass || Filterless Auto-...,30900,10499,https://dealsheaven.in/deal/livpure-astor-90-1250-m3hr-curved-glass-filterless-auto-clean-kitchen-chimney-10-year-warranty-on-motor-2-year-comprehensive-touch-and-gesture-control-black,Amazon
Livpure Fenix 60 1400 m3/hr T-Shape | Filterless Auto Clean...,29990,8799,https://dealsheaven.in/deal/livpure-fenix-60-1400-m3hr-t-shape-filterless-auto-clean-kitchen-chimney-with-oil-collector-10-year-warranty-on-motor-2-year-comprehensive-by-livpure-touch-gesture-control-black,Amazon
GLEN 90 cm 1200m3/hr Auto-Clean Filterless Curved Glass Kitc...,28995,10090,https://dealsheaven.in/deal/glen-90-cm-1200m3hr-auto-clean-filterless-curved-glass-kitchen-chimney-with-motion-sensortouch-controls-senza-black,Amazon
[With Bank offer] Voltas 1 ton 3 Star Inverter Split AC (Cop...,56990,28740,https://dealsheaven.in/deal/voltas-1-ton-3-star-inverter-split-ac-copper-4-in-1-adjustable-mode-anti-dust-filter-2024-model-123v-cae-white,Amazon
Fastrack Black Colored Square Shaped 100% UV Protected Sungl...,899,474,https://dealsheaven.in/deal/fastrack-black-colored-square-shaped-100-uv-protected-sunglasses-for-men-p449bk2tv,Amazon
WOW Skin Science Charcoal Face Wash | Detoxifies Skin | Uncl...,249,79,https://dealsheaven.in/deal/wow-skin-science-charcoal-face-wash-detoxifies-skin-unclogs-pores-lifts-of-pollutants-dirt,Amazon
"Silver's Micro Badminton Kit (2 Racquets with Full Cover, 1...",999,385,https://dealsheaven.in/deal/silvers-micro-badminton-kit-2-racquets-with-full-cover-1-box-feather-shuttlecock-pack-of-3-multicolor,Amazon
Aquaguard Marvel NXT 10-Stage RO Water Purifier + 1 Complime...,23000,10999,https://dealsheaven.in/deal/aquaguard-marvel-nxt-10-stage-ro-water-purifier-1-complimentary-alkaline-water-bottle-up-to-60-water-savings-rouvufactive-copper-tech-taste-adjuster-suitable-for-all-water-sources,Amazon
Origami 2 Ply Kitchen Tissue Paper Roll - Pack of 1 (300 She...,350,99,https://dealsheaven.in/deal/origami-2-ply-kitchen-tissue-paper-roll-pack-of-1-300-sheets,Amazon
"[Apply coupon] Yardley London Luxury Soap, 100g (Pack of 6)",399,251,https://dealsheaven.in/deal/yardley-london-luxury-soap-100g-pack-of-6,Amazon
[Apply coupon] Mintop Pro Shampoo For Hair Fall Control | Fo...,495,278,https://dealsheaven.in/deal/mintop-pro-shampoo-for-hair-fall-control-fortified-with-procapil-and-redensyl-helps-increase-hair-shine-softness-sulphate-free-helps-strengthen-hair-roots-100-ml,Amazon
"Park Avenue Body Deodorant Original Collection, Good Morning...",398,250,https://dealsheaven.in/deal/park-avenue-body-deo-set-combo-of-3,Amazon
"Vivel Aloe Vera Bathing Soap with Vitamin E for Soft, Glowin...",280,154,https://dealsheaven.in/deal/vivel-aloe-vera-bathing-soap-with-vitamin-e-for-soft-glowing-skinrefreshing-fragrancecombo-pack-150g-pack-of-4,Amazon
"[With Bank offer] ASUS Vivobook 14 Thin and Light Laptop, In...",56990,27490,https://dealsheaven.in/deal/asus-vivobook-14-thin-and-light-laptop-intelcore-i3-1215u-12th-gen-14-3556-cm-fhd-8-gb-ram512gb-ssdwin11office-2021fingerprint42whr-blue140-kg-x1404za-nk321ws,Amazon
"[With bank offer] HP 15s, Ryzen 5-5500U, 16GB RAM/512GB SSD...",62754,36240,https://dealsheaven.in/deal/hp-15s-ryzen-5-5500u-16gb-ram512gb-ssd-156-inches396-cm-fhd-micro-edge-anti-glare-displayalexa-built-inwindows-11-amd-radeon-graphicsdual-speakers-ms-office-2021169-kg-15s-eq2182au,Amazon
"GM Nue+ 6L Water Heater, High-Efficiency Water Geyser - Quic...",13500,4760,https://dealsheaven.in/deal/gm-nue-6l-water-heater-high-efficiency-water-geyser-quick-hot-water-energy-saving-rustproof-body-and-safety-features-coral,Amazon
Kaff EXPO MX 60 Aluminium Filter Soft Push Control Black Fin...,8990,3879,https://dealsheaven.in/deal/kaff-expo-mx-60-aluminium-filter-soft-push-control-black-finish-black-painted-60-cm,Amazon
"Ferrero Rocher Moments, 32 Pcs 185.6 g",499,377,https://dealsheaven.in/deal/ferrero-rocher-moments-32-pcs-1856-g,Amazon
Philips AC0920 Smart Air Purifier for Home| Real Time AQI Di...,9995,8299,https://dealsheaven.in/deal/philips-ac0920-smart-air-purifier-for-home-real-time-aqi-display-covers-upto-300-sqftremoves-9997-of-virusesallergensdust-and-pm25-hepa-filterfilter-life-upto-9000-hrs-ideal-for-bedrooms,Amazon
Huggies Complete Comfort Wonder Pants Large (L) Size Baby Di...,3599,1699,https://dealsheaven.in/deal/huggies-wonder-pants-diapers-sumo-pack-large-l-size-baby-diaper-pants-with-bubble-bed-technology-for-comfort-90-kg-140-kg-192-count,Amazon
Nutribullet PRO High Speed Blender/Mixer/Smoothie Maker - 90...,10999,5999,https://dealsheaven.in/deal/nutribullet-pro-high-speed-blendermixersmoothie-maker-900-watt-12-pcs-setgold-3-jar,Amazon
Vector X Touch Rubber Moulded Beach Volleyball for Men and W...,525,317,https://dealsheaven.in/deal/vector-x-touch-rubber-moulded-beach-volleyball-for-men-and-women-sports-volley-ball-with-free-pin-strong-grip-vollyball-for-indooroutdoorfor-menwomen-size-4-green,Amazon
Desidiya® 12 Meter LED Decorative String Fairy Rice Lights f...,499,69,https://dealsheaven.in/deal/desidiya-12-meter-led-decorative-string-fairy-rice-lights-for-home-decoration-indoor-and-outdoor-decoration-lights-festival-party-garden-wedding-multicolorpack-of-1,Amazon
[Coupon + Bank offer] KENT Supreme Alkaline RO Water Purifie...,24500,11699,https://dealsheaven.in/deal/kent-supreme-alkaline-ro-water-purifier-4-years-free-service-isi-nsf-certified-ro-uv-uf-alkaline-tds-control-uv-led-in-tank-8l-tank-20-lph-purification-white,Amazon
Aristocrat Airpro 76 Cms Large Check-in Polypropylene Hardsi...,12920,2199,https://dealsheaven.in/deal/aristocrat-airpro-76-cms-large-check-in-polypropylene-hardsided-8-spinner-wheels-luggagesuitcasetrolley-bag-black-53-cm,Amazon
"Baybee Bronco Rechargeable Battery Operated Jeep for Kids, R...",24990,7499,https://dealsheaven.in/deal/baybee-bronco-rechargeable-battery-operated-jeep-for-kids-ride-on-toy-kids-car-with-light-music-electric-jeep-battery-car-baby-big-car-for-kids-to-drive-3-to-8-years-boys-girls-black,Amazon
Status Contract Reversible Solid Comforter Double Bed Blanke...,2999,699,https://dealsheaven.in/deal/status-contract-reversible-solid-comforter-double-bed-blanket-for-winterdoublegsm-220size-220-x-215-cm-bold-green-maroon,Amazon
Status Contract Cotton Rich Double Bedsheet with 2 Pillow Co...,799,188,https://dealsheaven.in/deal/status-contract-cotton-rich-double-bedsheet-with-2-pillow-covers-for-bed-room-home-hotel-120-gsm-blue-stripes,Amazon
Aarika Womens White-Wine Colour Georgette Floral Print Middi...,2629,168,https://dealsheaven.in/deal/aarika-womens-white-wine-colour-georgette-floral-print-middi-md-w-083-white-wine-l,Amazon
"CELLO Eliza Plastic Laundry Basket, L,Grey, 35.5X42.5 Cm",1282,749,https://dealsheaven.in/deal/cello-eliza-plastic-laundry-bagbasket-50-litres-light-grey,Amazon
JSB HF56 Pro Rechargeable Full Body Massager for Pain Relief...,3950,599,https://dealsheaven.in/deal/jsb-hf56-pro-rechargeable-full-body-massager-for-pain-relief-cordless-handheld-vibration-massage-machine-black,Amazon
BSB HOME® 2nd Gen 220 GSM Microfiber Reversible AC Comforter...,2499,749,https://dealsheaven.in/deal/bsb-home-2nd-gen-220-gsm-microfiber-reversible-ac-comforterblanket-for-winterquiltduvets-for-king-size-double-bed-230x250-cm-bluewhite-orange,Amazon
Desidiya ® 30 Meter LED Rope Light for Decoration-Waterproof...,4999,1299,https://dealsheaven.in/deal/desidiya-30-meter-led-rope-light-for-decoration-waterproof-decorative-lightscove-light-for-ceiling-led-pipe-light-for-home-decor-led-strip-lights-for-diwali-decorationbirthday-warm-white,Amazon
Verymiss Premium Nail Polish 6ml - Orange Pop,110,36,https://dealsheaven.in/deal/verymiss-premium-nail-polish-6ml-orange-pop,Amazon
"Street Wear Nail Enamel, Angel's White, 8ml",140,27,https://dealsheaven.in/deal/street-wear-nail-enamel-angels-white-8ml,Amazon
"FLiX(Beetel) UltraCharge 20,000mAh QCPD Power Bank,USB C/B I...",4999,799,https://dealsheaven.in/deal/flixbeetel-ultracharge-20000mah-qcpd-power-bankusb-cb-inputtripple-output-225w-high-speed-power-deliverycompatible-to-iphone-14-13-12-11-samsung-s22-s23-google-pixel7-oneplusp25-olive-green,Amazon
[Coupon + ICICI Card] Whirlpool Hob 4 Burner Auto Ignition G...,25190,11249,https://dealsheaven.in/deal/coupon-icici-card-whirlpool-hob-4-burner-auto-ignition-gas-stove-elite-hybrid-704-mt-ec-gas-hob-tempered-glass,Amazon
Marvel Avengers by Wear Your Mind Unisex-Child Regular Fit T...,995,269,https://dealsheaven.in/deal/marvel-avengers-by-wear-your-mind-unisex-child-regular-fit-trousersdmaj0092-black-5-years-6-years,Amazon
Ap'pulse Women's Camisole(Pack of 2),798,132,https://dealsheaven.in/deal/appulse-womens-camisolepack-of-2,Amazon
Biotique Gold Radiant Skin Youth Facial| 6-Step Facial Kit f...,320,188,https://dealsheaven.in/deal/biotique-gold-radiant-skin-youth-facial-6-step-facial-kit-for-radiant-skin-ayurvedic-and-organically-pure-100-botanical-extracts-suitable-for-all-skin-types-65gm,Amazon
"Beardo Mini Perfume Trial Kit, 10 x 5ml | Best Date Night Fr...",699,273,https://dealsheaven.in/deal/beardo-mini-perfume-trial-kit-10-x-5ml-best-date-night-fragrances-for-men-travel-friendly-perfume-kit-for-all-moods-occasions-ideal-gift-for-men,Amazon
Lux Body Wash Fragrant Skin Black Orchid Scent & Juniper Oil...,380,168,https://dealsheaven.in/deal/lux-body-wash-fragrant-skin-black-orchid-scent-juniper-oil-supersaver-xl-pump-bottle-with-long-lasting-fragrance-glycerine-paraben-free-extra-foam-750-ml,Amazon
Acer Aspire Lite 12th Gen Intel Core i5-12450H Thin and Ligh...,66999,41990,https://dealsheaven.in/deal/acer-aspire-lite-12th-gen-intel-core-i5-12450h-thin-and-light-laptop-windows11home16gb-ram512gb-ssdmso-al15-52h-3962cm-156-ips-full-hd-backlit-keyboard-pure-silver-17kg,Amazon
"Ant Esports GM40 Wired Optical Gaming Mouse with RGB LED, Li...",749,169,https://dealsheaven.in/deal/ant-esports-gm40-wired-optical-gaming-mouse-with-rgb-led-lightweight-and-ergonomic-design-dpi-upto-2400-compatible-with-windows-and-mac,Amazon
"Reebok Women Synthetic,Textile Rubber ENERGEN LITE Running S...",5599,1389,https://dealsheaven.in/deal/reebok-women-synthetictextile-rubber-energen-lite-running-shoes-vecnavseprpiftwwht-uk-6,Amazon
boAt Rockerz 150 Pro Bluetooth Neckband Earphones w/ 150hrs...,3990,998,https://dealsheaven.in/deal/boat-rockerz-150-pro-bluetooth-neckband-earphones-w-150hrs-playback-dual-eq-modes-crystal-bionic-sound-by-hifi-dsp-5-ai-enx-technology-dual-pairingbeast-modeasap-chargeblack,Amazon
Fire-Boltt Ninja Call Pro Max 51.05mm (2.01 inch) Display Sm...,16999,1199,https://dealsheaven.in/deal/fire-boltt-ninja-call-pro-max-5105mm-201-inch-display-smart-watch-bluetooth-calling-120-sports-modes-health-suite-voice-assistance-black-ss,Amazon
Portronics Glide Stylus Pencil for iPad Tablets with Angle T...,2999,749,https://dealsheaven.in/deal/portronics-glide-stylus-pencil-for-ipad-tablets-with-angle-tilt-sensitivity-palm-rejection-attaches-magnetically-battery-led-indicator-type-c-charging-stylus-pen-for-ipads-white,Amazon
Ezee CRPL Multipurpose Disposable Hand Gloves Pack Of 200|Tr...,144,99,https://dealsheaven.in/deal/ezee-crpl-multipurpose-disposable-hand-gloves-pack-of-200transparentdisposable-glovesuniversal-size-glovesfor-gardeningcleaning-and-public-areas,Amazon
"Lenovo 15.6"" (39.62cm) Slim Everyday Backpack, Made in India...",1444,399,https://dealsheaven.in/deal/lenovo-156-inch-396-cm-slim-everyday-backpack-blue,Amazon
LORETO – A QUALITY LINEN BRAND 100% Cotton Bedsheet for Doub...,1999,619,https://dealsheaven.in/deal/loreto-a-quality-linen-brand-100-cotton-bedsheet-for-double-bed-1-double-bedsheet-with-2-pillow-covers-144-tc-queen-size-double-bedsheet-cotton-floral-white-grey,Amazon
"Tesora Espresso coffee maker,Coffee machine,20 Bars,Frother...",14000,7299,https://dealsheaven.in/deal/tesora-espresso-coffee-makercoffee-machine20-barsfrother-wand-for-espresso-cappuccinoadjustable-milk-frothing-steam15-liter-tank-digital-touch-display2-year-warranty-by-tesora,Amazon
Wesley Luxur 45 Ltrs Overnighter Expandable Travel Laptop Ba...,2999,610,https://dealsheaven.in/deal/wesley-luxur-45-ltrs-overnighter-expandable-travel-laptop-backpack-flight-cabin-approved-carry-on-with-16-inch-laptop-compartment-anti-theft-feature-businesstravelweekendercollege-charcoal-black,Amazon
Purifit Mutli Spray Shower Head Filter for Hardwater | Chlor...,3999,1645,https://dealsheaven.in/deal/purifit-mutli-spray-shower-head-filter-for-hardwater-chlorine-removal-hair-falll-lime-scale-3-mode-spray-silver-finish,Amazon
CRAFTAM Different Design Ready to Draw Rangoli Making Stenci...,999,179,https://dealsheaven.in/deal/craftam-different-design-ready-to-draw-rangoli-making-stencils-rangoli-plastic-stencils-for-floor-decoration-set-of-12-size-3x7-inch,Amazon
"Van Heusen womens Flatform Heeled Sandal, Black, 6 UK",2799,828,https://dealsheaven.in/deal/van-heusen-womens-flatform-heeled-sandal-black-6-uk,Amazon
Fire-Boltt Phoenix Pro 35.3mm (1.39 inch) Bluetooth Calling...,11999,1199,https://dealsheaven.in/deal/fire-boltt-phoenix-pro-353mm-139-inch-bluetooth-calling-smart-watch-ai-voice-assistant-metal-body-with-120-sports-modes-spo2-heart-rate-monitoring-silver-grey,Amazon
RR Signature Zello 25L Star Rated Storage Water Heater for H...,13500,5999,https://dealsheaven.in/deal/rr-signature-zello-25l-star-rated-storage-water-heater-for-home-glass-line-tank-geyser-8-bar-suitable-for-high-rise-thermal-cutout-safety-valve-2-yr-warranty-on-product-6-yr-on-tank-by-rr,Amazon
Midea 18C-Compact Bagless Vacuum Cleaner | 1 Year Warranty |...,10990,5999,https://dealsheaven.in/deal/midea-18c-compact-bagless-vacuum-cleaner-1-year-warranty-3l-dust-cup-capacity-24kpa-variable-powerful-suction-with-hepa-filter-free-multiple-accessories-5m-long-auto-rewind-power-cord,Amazon
"Livguard VISION-HDX1100i Inverter for Home, Office & Shops |...",13500,5984,https://dealsheaven.in/deal/livguard-vision-hdx1100i-inverter-for-home-office-shops-900va12v-pure-sinewave-supports-1-inverter-battery-multi-function-lcd-display-with-power-cut-predictor-with-36-months-warranty,Amazon
Eureka Forbes Kordfree K10 Lite Cordless Vacuum Cleaner | 2-...,10400,6999,https://dealsheaven.in/deal/eureka-forbes-kordfree-k10-lite-cordless-vacuum-cleaner-2-in-1-handheld-upright-11-kpa-suction-power-45-min-runtime-removable-battery-cyclonic-tech-3-accessories-hepa4-stage-filtration,Amazon
[Apply coupon] Havells Monza 15 Litre Storage Wall Mount Wat...,15890,6299,https://dealsheaven.in/deal/havells-monza-15-litre-storage-wall-mount-water-heater-feroglas-coated-tank-heavy-duty-heating-element-warranty-5-year-on-tank-protective-anode-road-8-bar-working-pressure-white,Amazon
VESCO Envy Black City Bike/Cycle 26T with Inbuilt Carrier |...,7499,4399,https://dealsheaven.in/deal/vesco-envy-black-city-bikecycle-26t-with-inbuilt-carrier-rigid-supsension-17-inch-frame-cycle-for-boysmen-road-cycle-single-speed,Amazon
Viva ALMA 26T Multispeed Alloy 21-Speed MTB Mountain Cycle f...,39999,7859,https://dealsheaven.in/deal/viva-alma-26t-multispeed-alloy-21-speed-mtb-mountain-cycle-for-adults-with-shimano-gear-dual-disc-brakes-white-red,Amazon
Puma Unisex-Adult Urus Peacoat-Castlerock Sneaker -9 UK (388...,3999,1080,https://dealsheaven.in/deal/puma-unisex-adult-urus-peacoat-castlerock-sneaker-9-uk-38870203,Amazon
Puma Womens Loop X WNS Nimbus Cloud-Fizzy Lime Walking Shoe...,2999,960,https://dealsheaven.in/deal/puma-womens-loop-x-wns-nimbus-cloud-fizzy-lime-walking-shoe-8-uk-38802404,Amazon
AmazonBasics X20R 20W Bluetooth Soundbar with 2000mAh Batter...,2999,1199,https://dealsheaven.in/deal/amazonbasics-x20r-20w-bluetooth-soundbar-with-2000mah-battery-2x-bass-up-to-9hrs-of-playback-bluetooth-53-aux-in-usb-micro-tf-card-connectivity-grey,Amazon
AmazonBasics AA Performance Alkaline Batteries (8-Pack) - Pa...,445,169,https://dealsheaven.in/deal/amazonbasics-aa-performance-alkaline-batteries-8-pack-packaging-may-vary,Amazon
Lifelong LLHS20 56 Litres Home Safe Electronic Locker| Digit...,12000,5299,https://dealsheaven.in/deal/lifelong-llhs20-56-litres-home-safe-electronic-locker-digital-security-safe-for-home-office-with-motorized-locking-mechanism-2-cubic-feet1-year-warranty-black,Amazon
ATHCO Men's Akron Navy Orange Running Shoes_9 UK (ATHST-15),2999,599,https://dealsheaven.in/deal/athco-mens-akron-navy-orange-running-shoes-9-uk-athst-15,Amazon
"Cello Petal Bathroom Set of 3 PCs, Small, Transparent, Plast...",1149,549,https://dealsheaven.in/deal/cello-petal-bathroom-set-of-3-pcs-small-transparent,Amazon
[Coupon + Bank offer] Sony Cinema Line FX30 with XLR Handle...,199990,178489,https://dealsheaven.in/deal/coupon-bank-offer-sony-cinema-line-fx30-with-xlr-handle-super-35-4k-120p-s-cinetone-dual-base-iso-compact-camera-for-filmmaking-ilme-fx30,Amazon
"TAGG Verve Connect Ultra 1.78"" AMOLED Display Bluetooth Call...",9999,849,https://dealsheaven.in/deal/tagg-verve-connect-ultra-178-amoled-display-bluetooth-calling-smartwatch-always-on-display-password-protection-functional-crown-120-sports-mode-hr-spo2-games-calculator-more-blue,Amazon
AmazonBasics - Mini Backpack for Outdoor Use (12 l) (Metalli...,999,269,https://dealsheaven.in/deal/amazonbasics-mini-backpack-for-outdoor-use-12-l-metallic-grey,Amazon
[With Bank offer] HONOR Pad X8a with Free Flip-Cover 27.94cm...,21999,8999,https://dealsheaven.in/deal/honor-pad-x8a-with-free-flip-cover-2794cm-11-inch-wi-fi-tablet-4gb-ram-128-gb-rom-expandable-up-to-1tb-fhd-display-90hz-refresh-rate-8300mah-battery-quad-speakers-snapdragon-680-android-14,Amazon
EvoFox Shadow Optical USB Wired Gaming Mouse with Upto 3600...,799,475,https://dealsheaven.in/deal/evofox-shadow-optical-usb-wired-gaming-mouse-with-upto-3600-dpi-gaming-sensor-6-buttons-design-7-million-clicks-7-colours-rainbow-lighting-with-breathing-effect-18m-braided-cable-black,Amazon
Ant Esports KM500 Pro Backlit Gaming Membrane Keyboard-19 An...,2999,949,https://dealsheaven.in/deal/ant-esports-km500-pro-backlit-gaming-keyboard-and-mouse-set,Amazon
"PureSense Natural Papaya Face Toner with Rose Water, Bamboo...",500,69,https://dealsheaven.in/deal/puresense-natural-papaya-face-toner-with-rose-water-bamboo-water-kakadu-plum-for-revitalised-glowing-skin-100ml,Amazon
EKSA E900 Gaming Headset for Xbox - PC Headset Wired Gaming...,2699,1490,https://dealsheaven.in/deal/eksa-e900-gaming-headset-for-xbox-pc-headset-wired-gaming-headphones-with-noise-canceling-mic-over-ear-headphones-compatible-with-ps4-xbox-one-nintendo-switch-pc-mac-laptopgreen,Amazon
"Ant Value OM120 Wired Optical Mouse, 1000 DPI, 3ft Cable, Ea...",499,99,https://dealsheaven.in/deal/ant-value-om120-wired-optical-mouse-1000-dpi-3ft-cable-easy-and-accurate-scroll-button-optical-sensor-computer-mouse-left-and-right-hand-use-for-laptop-pc-mac-notebook-and-linux-matte-black,Amazon
EITHEO Unisex Rimless Deal with Thug Life Square Sunglass wi...,1099,189,https://dealsheaven.in/deal/eitheo-unisex-rimless-deal-with-thug-life-square-sunglass-with-polygonal-8-bits-style-pixel-and-nose-pad-pack-2-thug-cool,Amazon
Lotus Herbals Sunscreen SPF 30 - 50 Grams Cream,225,134,https://dealsheaven.in/deal/lotus-herbals-sunscreen-spf-30-50-grams-cream,Amazon
Bath & Blends Espresso Martini Shower Gel| Hydrate & Moistur...,299,93,https://dealsheaven.in/deal/bath-blends-espresso-martini-shower-gel-hydrate-moisturize-skin-100-natural-actives-body-wash-no-paraben-no-sulphate-250ml,Amazon
[Apply coupon] Ortho + Rest Women's Soft Comfortable Orthope...,699,249,https://dealsheaven.in/deal/apply-coupon-ortho-rest-womens-soft-comfortable-orthopedic-doctor-joy-slipper-and-flip-flops-for-home-daily-use,Amazon
"Lenovo IdeaPad Slim 3 13th Gen Intel Core i7-13620H 15"" (38....",85390,59990,https://dealsheaven.in/deal/lenovo-ideapad-slim-3-13th-gen-intel-core-i7-13620h-15-381cm-fhd-ips-300-nits-thin-light-laptop-16gb512gb-ssdwin-11office-2021alexa-built-in3-month-game-passgrey162kg-83em008gin,Amazon
[Coupon + bank offer] KENT Grand RO Water Purifier | 4 Years...,19500,8999,https://dealsheaven.in/deal/kent-grand-11119-wall-mountable-ro-uf-tds-uv-in-tank-white-20-litrehr-water-purifier-storage-8-litres,Amazon
"33w CMF Charger Adapter Compatible with CMF Phone 1, Nothing...",1999,499,https://dealsheaven.in/deal/33w-cmf-charger-adapter-compatible-with-cmf-phone-1-nothing-phone-1-nothing-phone-2-nothing-phone-2a-nothing-phone-2a-plus-cmf-adapter-33w-fast-charger-type-c-by-roarx,Amazon
"amazon basics Travel Neck Pillow, Unisex, Multipurpose, U-Sh...",499,149,https://dealsheaven.in/deal/amazon-basics-travel-neck-pillow-unisex-multipurpose-u-shaped-grey-poly-fillvelvet,Amazon
Design Decor Gallery Diya Shape Flower Decorative Urli Bowl...,599,85,https://dealsheaven.in/deal/design-decor-gallery-diya-shape-flower-decorative-urli-bowl-handcrafted-bowl-for-floating-flowers-t-light-candle-for-home-and-wedding-return-gift-7-inches,Amazon
[Apply coupon] SJeware 12 Pairs Solid Ankle Length Socks for...,1299,195,https://dealsheaven.in/deal/sjeware-polyester-12-pairs-solid-ankle-length-socks-for-men-women-multicolor-pack-of-12-free-size,Amazon
PureSense BEAST - X Emperor Luxury Long Lasting Exotic Perfu...,499,159,https://dealsheaven.in/deal/puresense-beast-x-emperor-luxury-long-lasting-exotic-perfume-fragrance-for-men-50ml,Amazon
"Beardo Iceman, Darkside & Spy Perfume Body Spray (Set of 3)...",947,284,https://dealsheaven.in/deal/beardo-iceman-perfume-deo-spray-150ml-darkside-perfume-deo-spray-150ml-spy-perfume-body-spray-120ml,Amazon
"[Min 2 Qty - Bombay Shaving Company Charcoal Shaving Foam, 2...",245,99,https://dealsheaven.in/deal/bombay-shaving-company-charcoal-shaving-foam-266-ml-33-extra-with-activated-charcoal-moroccan-argan-oil,Amazon
Fair and Handsome Instant Radiance Face Wash | Pro-Peptide |...,349,134,https://dealsheaven.in/deal/fair-and-handsome-instant-radiance-face-wash-pro-peptide-instant-radiance-washes-of-fine-pollutants-cooling-freshness-150g,Amazon
"Kamiliant by American Tourister Harrier 3 Pc Set 56 cms, 68...",29250,4999,https://dealsheaven.in/deal/kamiliant-by-american-tourister-harrier-3-pc-set-56-cms-68-cms-78-cms-small-medium-large-polypropylene-pp-hard-sided-4-wheels-spinner-luggage-setsuitcase-settrolley-bag-set-coral-blue,Amazon
"LAKMÉ 9 To 5 Primer + Matte Lipstick, Matte Finish, Lightwei...",500,185,https://dealsheaven.in/deal/lakme-9-to-5-primer-matte-lipstick-matte-finish-lightweight-lipstick-lasts-for-16hrs-nourishes-lips-great-for-daily-use-burgundy-passion-36g,Amazon
Amazon Brand - Solimo 1 Lt Water Bottle | Multicolor | Set O...,599,149,https://dealsheaven.in/deal/amazon-brand-solimo-1-lt-water-bottle-multicolor-set-of-6-xing-polyethylene-terephthalate,Amazon
Trueview 2MP Smart CCTV Wi-fi Home Security Camera with Pan...,4000,899,https://dealsheaven.in/deal/trueview-2mp-smart-cctv-wi-fi-home-security-camera-with-pan-tilt-360-view-2-way-talk-2mp-color-night-vision-smart-camera,Amazon
"MSI Thin 15, Intel Core i5-12450H, 40CM FHD 144Hz Gaming Lap...",70990,46990,https://dealsheaven.in/deal/msi-thin-15-intel-core-i5-12450h-40cm-fhd-144hz-gaming-laptop16gb512gb-nvme-ssdwindows-11-homenvidia-geforce-rtx-2050gddr-4gb-cosmos-gray186kg-b12ucx-1695in,Amazon
Himalaya Dark Spot Clearing Turmeric Face Cream | Organicall...,275,145,https://dealsheaven.in/deal/himalaya-dark-spot-clearing-turmeric-face-cream-organically-sourced-turmeric-reduce-dark-spots-in-7-days-2-glycolic-acid-2-niacinamide-50g,Amazon
Bajaj Almond Drops Non-Sticky Body Lotion | Long Lasting Moi...,550,195,https://dealsheaven.in/deal/bajaj-almond-drops-nourishing-body-lotion-i-long-lasting-moisturization-i-almond-oil-vitamin-e-i-600ml,Amazon
"Parachute Advansed Men Hair Cream, Anti-Dandruff, 100 gm (Pa...",267,160,https://dealsheaven.in/deal/parachute-advansed-men-hair-creamanti-dandruff-100-gm-pack-of-3,Amazon
Everyuth Naturals Body Lotion Rejuvenating Flora| Non- Stick...,500,150,https://dealsheaven.in/deal/everyuth-naturals-body-lotion-rejuvenating-flora-500ml,Amazon
Pepe Jeans Innerwear Men's Cotton Trunks (Pack of 2) (CLT01-...,549,249,https://dealsheaven.in/deal/pepe-jeans-innerwear-mens-cotton-trunks-pack-of-2-clt01-02-charcoal-melange-80-85-charcoal-melange-85-cm,Amazon
Dabur Almond Hair Oil - 500ml | Provides Damage Protection |...,295,173,https://dealsheaven.in/deal/ld-dabur-almond-hair-oil-with-almonds-soya-protein-and-vitamin-e,Amazon
"Pears Pure and Gentle Body Wash 750 ml, 98% Pure Glycerin, L...",425,155,https://dealsheaven.in/deal/pears-pure-gentle-shower-gel-supersaver-xl-pump-bottle-with-98-pure-glycerine-100-soap-free-and-no-parabens-750-ml,Amazon
"HE De-Tan & Deep Cleansing Face Wash | Removes Tan, Fights P...",225,111,https://dealsheaven.in/deal/he-de-tan-deep-cleansing-face-wash-removes-tan-fights-pollution-helps-prevent-oiliness-pimples-cools-refreshes-with-charcoal-vetiver-root-extracts-salicylic-acid-refreshing-menthol-long-lasting-freshness-for-all-skin-types-100ml,Amazon
Dabur Red Gel - 150 G (Pack Of 2),240,99,https://dealsheaven.in/deal/dabur-red-gel-150-g-pack-of-2,Amazon
Dove Deeply Nourishing Body Wash|| With Moisturisers For Sof...,480,182,https://dealsheaven.in/deal/dove-deeply-nourishing-body-wash-with-exfoliating-beads-for-softer-smoother-skin-800-ml,Amazon
"All Out Ultra Liquid Vaporizer, Machine + 3 Refills (45ml ea...",257,195,https://dealsheaven.in/deal/all-out-ultra-combi-pack-3-refill-1-machine-ultra-liquid-power-kills-dengue-mosquitoes-100-more-power-mosquito-repellent,Amazon
ACEPACK Daypack Bag 2 Compartment Backpack for Daily Use - L...,1999,179,https://dealsheaven.in/deal/acepack-daypack-bag-2-compartment-backpack-for-daily-use-library-office-outdoor-hiking-black,Amazon
"JioBharat V4 4G Keypad Phone with JioTV, JioCinema, JioSaavn...",1999,1099,https://dealsheaven.in/deal/jiobharat-v4-4g-keypad-phone-with-jiotv-jiocinema-jiosaavn-jiopay-upi-jiochat-jiophotos-powerful-1000mah-battery-led-torch-digital-camera-blue-locked-for-jionetwork,Amazon
Dove Fresh Moisture Beauty Bathing Bar Makes Skin Soft & Ref...,375,232,https://dealsheaven.in/deal/dove-fresh-moisture-beauty-bathing-bar-makes-skin-soft-refreshed-buy-5-get-1-450gms,Amazon
[Apply coupon] American Tourister KAM Harrier SP 3 Piece Pol...,29250,4799,https://dealsheaven.in/deal/american-tourister-kam-harrier-sp-3-piece-polypropylene-luggage-set-carrot-orange,Amazon
Liril Lemon & Tea Tree Natural Bathing Soap for Body 125 g (...,445,195,https://dealsheaven.in/deal/liril-lime-tea-tree-oil-soap-125-g-pack-of-6,Amazon
Crompton DS 500 BLK 500-Watt Mixer Grinder with Powertron Mo...,3500,1699,https://dealsheaven.in/deal/crompton-ds-500-blk-500-watt-mixer-grinder-with-powertron-motor-motor-vent-x-technology-3-stainless-steel-jars-black-grey,Amazon
"TP-Link Tapo Pan/Tilt Smart Security Camera, Indoor CCTV, 36...",3999,1266,https://dealsheaven.in/deal/tp-link-tapo-pantilt-smart-security-camera-indoor-cctv-360-rotational-views-works-with-alexagoogle-home-no-hub-required-1080p-2-way-audio-night-vision-sd-storage-device-sharing-tc70,Amazon
Odomos Mosquito & Flies Killer Spray - 625ml | Instant Kill...,340,175,https://dealsheaven.in/deal/odomos-mosquito-flies-killer-spray-625ml-instant-kill-protection-from-dengue-malaria-100-kill-guarantee,Amazon
[Apply coupon] Amazon Basics Electric Egg Boiler | 3 Boiling...,650,287,https://dealsheaven.in/deal/amazon-basics-electric-egg-boiler-3-boiling-modes-automatic-operation-overheat-protection,Amazon
[Apply coupon] Aristocrat Chroma Set of 3 Hard Luggage (55+6...,27620,4799,https://dealsheaven.in/deal/aristocrat-chroma-set-of-3-hard-luggage-556575cm-cabin-medium-and-large-check-in-luggage-robust-construction-with-strong-wheels-rust-free-trolley-secured-zip-and-combination-lock-purple,Amazon
playR Atom 27.5 Inch - Alloy Single Speed - Front Wheel Shoc...,30999,6055,https://dealsheaven.in/deal/playr-atom-275-inch-alloy-single-speed-front-wheel-shock-abs-front-and-rear-disc-brake-feather-black,Amazon
[Apply coupon] Gesto 40 Meter Rope Led Strip Lights – Outdoo...,8999,2099,https://dealsheaven.in/deal/gesto-40-meter-rope-led-strip-lights-outdoor-lights-waterproof-for-balcony-decorationhome-decor-diwali-decoration-rgb-strip-light-for-diwali-decoration-with-mode-change-controller-multicolor,Amazon
One94Store 12 meters - ConvertLong LED Power Pixel Serial St...,999,99,https://dealsheaven.in/deal/one94store-12-meters-convertlong-led-power-pixel-serial-string-light-360-degree-led-bulb-light-series-copper-led-pixel-string-light-for-home-diwali-christmas-decoration-multicolor-pack-of-1,Amazon
"[Apply coupon] Set Wet Fire Perfume for Men, 100ml|Woody Lon...",599,109,https://dealsheaven.in/deal/set-wet-fire-perfume-for-men-100mlwoody-long-lasting-perfume-for-mengift-for-menbest-date-night-fragrance,Amazon
[Bank offer] ECOVACS Deebot Y1 PRO 2-in-1 Robot Vacuum Clean...,59900,18749,https://dealsheaven.in/deal/ecovacs-deebot-y1-pro-2-in-1-robot-vacuum-cleaner-2024-new-launch-6500-pa-powerful-suction-5200-mah-battery-covers-3500-sq-ft-in-one-charge-advanced-navigation-technology-true-mapping,Amazon
Desidiya® LED Rice Light for Decoration Strip and Series Lig...,999,79,https://dealsheaven.in/deal/desidiya-led-rice-light-for-decoration-strip-and-series-light-for-diwali-christmas-indoor-outdoor-decoration-bedroom-wedding-birthday-party-patio-12meter-warm-white,Amazon
"[Coupon + Bank offer] HONOR 200 5G (Black, 12GB + 512GB) | 6...",44999,29998,https://dealsheaven.in/deal/honor-200-5g-black-12gb-512gb-67-inch-amoled-quad-curved-display-dual-ois-50mp-50mp-12mp-camera-50mp-selfie-camera-ai-powered-magicos-80-without-charger,Amazon
Nivia Carbonite 6.0 Football Stud for Men (Solid Black) Size...,849,599,https://dealsheaven.in/deal/nivia-carbonite-60-football-stud-for-men-solid-black-size-uk11,Amazon
"Park Avenue Euphoria – Eau De Parfum Men, 100ml | Perfume fo...",749,279,https://dealsheaven.in/deal/park-avenue-euphoria-eau-de-parfum-for-men-100ml,Amazon
Dettol Skincare Moisturizing Beauty Bathing Soap Bar with Ar...,460,253,https://dealsheaven.in/deal/dettol-skincare-moisturizing-beauty-bathing-soap-bar-with-argan-oil-750gm-softer-skin-150gm-pack-of-5,Amazon
"Kuvings Nutri Blender PRO, Powerful 1000 Watts Motor, Mixer/...",21249,3990,https://dealsheaven.in/deal/kuvings-nutri-blender-pro-powerful-1000-watts-motor-mixerblendersmoothie-maker-5-years-long-warranty-stainless-steel-body-2-blade-set-included-wet-blending-blade-dry-grinding-blade-gunmetal-grey,Amazon
Havells Carlo 3 Litre Wall Mount Instant Water Heater|Twin I...,5575,2799,https://dealsheaven.in/deal/havells-carlo-3-litre-instant-water-heater-white-blue,Amazon
[Apply coupon] Godrej Security Solutions Forte Pro 15 Litres...,14699,9999,https://dealsheaven.in/deal/godrej-security-solutions-forte-pro-15-litres-digital-electronic-safe-locker-for-home-office-with-motorized-locking-mechanism-light-grey,Amazon
AmazonBasics Microfiber Comforter COVER with pillow cover -...,2000,269,https://dealsheaven.in/deal/amazonbasics-microfiber-comforter-cover-with-pillow-cover-single-66x90-inch-2-piece-frosted-lavender-comforter-not-included,Amazon
Amazon Basics 2nd Gen Stylus Pen for IPAD | Supports Palm Re...,6099,1179,https://dealsheaven.in/deal/amazon-basics-2nd-gen-stylus-pen-for-ipad-supports-palm-rejection-tilt-sensor-precise-for-writingdrawing-for-ipad-67-8-9th-gen-ipad-102-pro-11129-mini-56th-air-34th-gen-grey,Amazon
Amazon Basics 12V DC Digital Tyre Inflator with with Digital...,2999,1099,https://dealsheaven.in/deal/amazon-basics-12v-dc-digital-tyre-inflator-with-light,Amazon
Portronics Toad Ergo Vertical Advanced Wireless Ergonomic Mo...,1499,498,https://dealsheaven.in/deal/portronics-toad-ergo-vertical-advanced-wireless-ergonomic-mouse-24ghz-6d-button-wrist-support-adjustable-dpi-upto-1200-supports-hand-postureblack,Amazon
"GOVO GOSURROUND 945 | 120W Sound bar, 5.1 Channel Home Theat...",16999,4599,https://dealsheaven.in/deal/govo-gosurround-945-120w-soundbar-51-channel-home-theatre-with-525-subwoofer-dual-rear-satellites-aux-usb-bluetooth-3-equalizer-modes-stylish-remote-led-display-platinum-black,Amazon
ALFA Aristocrat Rhino Check-in 65 Cm (Medium) 4 Wheels Troll...,9500,1899,https://dealsheaven.in/deal/alfa-aristocrat-rhino-check-in-65-cm-medium-4-wheels-trolley-bags-for-travel-hard-case-lightweight-bag-with-combination-lock-tough-suitcase-for-travel-3-years-warrantygreen,Amazon
[Apply coupon] Lavie Sport Anti Theft Combi Lock Camelot Whe...,3995,769,https://dealsheaven.in/deal/apply-coupon-lavie-sport-anti-theft-combi-lock-camelot-wheel-duffle-bag-spacious-compartment-duffle-bag-build-to-last-wheel-and-trolley,Amazon
Lifelong Bicycle Bell|Ultra-Loud Cycle Horn|Lightweight Anti...,499,99,https://dealsheaven.in/deal/lifelong-bicycle-bellultra-loud-cycle-hornlightweight-anti-rust-cycle-bell-with-easy-flip-adjustable-bicycle-bell-with-crisp-clear-sound-llbcb01-black,Amazon
"Safari Aerodyne Hardside Suitcase, TSA Lock, Large Size Chec...",15120,2299,https://dealsheaven.in/deal/safari-aerodyne-hardside-suitcase-tsa-lock-large-size-check-in-luggage-trolley-bag-with-antitheft-zipper-cyan-color-77cm,Amazon
Wooum Multipurpose Toiletry Pouch/Travel Toiletry Organizer/...,799,163,https://dealsheaven.in/deal/wooum-multipurpose-toiletry-pouchtravel-toiletry-organizerlarge-storage-toiletry-bag-for-men-and-women-9x6x3-inch-blue,Amazon
Entisia Cosmetic Organizer Box- Plastic Multi Grid Jewelry N...,999,189,https://dealsheaven.in/deal/entisia-cosmetic-organizer-box-plastic-multi-grid-jewelry-nail-polish-makeup-lipstick-countertop-organizer-storage-box-for-dressing-table-case-holder-for-skin-care-products-multi-coloured,Amazon
Amazon Brand - Solimo Plastic Knit Laundry Basket - Big - 55...,2299,739,https://dealsheaven.in/deal/amazon-brand-solimo-plastic-knit-laundry-basket-big-55-litres-44-cm-x-35-cm-x-61-cm-beige,Amazon
"boAt Stone 580 Bluetooth Speaker with 12W RMS Stereo Sound,...",4990,1499,https://dealsheaven.in/deal/boat-newly-launched-stone-580-bluetooth-speaker-with-12w-rms-stereo-sound-led-lights-up-to-8-hrs-playtime-tws-feature-fm-radio-multi-compatibility-mode-ipx4midnight-black,Amazon
"[With Bank offer] OnePlus Nord 4 5G (Mercurial Silver, 8GB R...",32999,27999,https://dealsheaven.in/deal/oneplus-nord-4-5g-mercurial-silver-8gb-ram-256gb-storage,Amazon
"JPT Cordless 21v Screw Driver/impact Drill with 2 Batteries,...",6899,2599,https://dealsheaven.in/deal/jpt-cordless-21v-screw-driverimpact-drill-with-2-batteries-charger-case-red-150-kilowatt-hours,Amazon
Dove Lavender & Chamomile Go Fresh Body Wash with Relaxing F...,849,297,https://dealsheaven.in/deal/dove-lavender-chamomile-go-fresh-body-wash-pump-bottle-with-relaxing-floral-scent-gentle-mild-body-cleanser-for-nourished-smooth-skin-24-hrs-moisture-lock-1l,Amazon
"Luminous Inverter NXG+ 1850, Blue",17500,4748,https://dealsheaven.in/deal/luminous-inverter-nxg-1850-blue,Amazon
"Hamilton Beach 3-in-1 Steam Iron for Clothes, Garment Steame...",3999,2199,https://dealsheaven.in/deal/hamilton-beach-3-in-1-steam-iron-for-clothes-garment-steamer-with-5-fabric-settings-steam-iron-easy-glide-nonstick-soleplate-iron-press-steamer-for-clothes-travel-iron-iron-box-with-steamer,Amazon
Gesto 16.4Feet Long with 12V Adaptor LED Neon Strip Rope Lig...,1999,549,https://dealsheaven.in/deal/gesto-164feet-long-with-12v-adaptor-led-neon-strip-rope-lightsflat-silicone-neon-rope-light-flexible-cuttable-string-ip65-waterproof-neon-led-strips-for-indoor-outdoor-decorationice-blue,Amazon
"Hamilton Beach Bullet Mixer Grinder,Mixer/Grinder/Blender-Pe...",7499,3799,https://dealsheaven.in/deal/hamilton-beach-bullet-mixer-grindermixergrinderblender-peak-power-650wattsblender-for-smoothies-and-juicessmoothie-blendernutri-blenderblender-for-kitchenbaby-food-blender8pc-setblack,Amazon
"Instant Pot 321 6 Litre, Stainless Steel 7-in-1 Electric Pre...",20999,7999,https://dealsheaven.in/deal/instant-pot-321-6-litre-stainless-steel-7-in-1-electric-pressure-cooker-outer-lid-slow-cooker-rice-cooker-steamer-saute-yogurt-maker-and-warmer-6-litre-silver,Amazon
Balzano 1100W Ultra-Speed Bullet Mixer Grinder (Italian Desi...,8999,3799,https://dealsheaven.in/deal/balzano-1100w-ultra-speed-bullet-mixer-grinder-italian-design-engineering-blender-for-smoothie-and-juices-juicer-mixer-grinder-blender-for-kitchen-surgical-grade-stainless-steel-blades,Amazon
"Balzano Bullet Mixer Grinder 500W, 5 Years Motor Warranty, 5...",5999,2399,https://dealsheaven.in/deal/balzano-bullet-mixer-grinder-500w-5-years-motor-warranty-5-jars-2-blades-2-lids-italian-premium-brand-pulse-function-mixer-blender-for-smoothies-smoothie-maker-2-years-product-warranty,Amazon
"Kuvings Nutri Blender PRO Ferrari Red, Powerful 1000 Watts M...",21249,3999,https://dealsheaven.in/deal/kuvings-nutri-blender-pro-powerful-1000-watts-motor-mixerblendersmoothie-maker-5-years-long-warranty-stainless-steel-body-2-blade-set-included-wet-blending-blade-dry-grinding-blade-ferrari-red,Amazon
"Balzano Bullet Mixer Grinder, Blender for Smoothie and Juice...",4599,1799,https://dealsheaven.in/deal/balzano-bullet-mixer-grinder-blender-for-smoothie-and-juices-nutri-blender-400w-copper-motor-smoothie-blender-italian-design-blender-for-kitchen,Amazon
"[Apply coupon] Tenda F3 300Mbps Wi-Fi Router, Easy Setup, WP...",1400,949,https://dealsheaven.in/deal/tenda-f3-300mbps-wi-fi-router,Amazon
"[With Bank offer] Sony INZONE H3, MDR-G300 Wired Gaming Head...",9990,3500,https://dealsheaven.in/deal/sony-inzone-h3-mdr-g300-wired-gaming-headset-over-ear-headphones-360-spatial-sound-usb-wired-over-ear-professional-white-instant-bank-discount-of-inr-1000-on-select-prepaid-transactions,Amazon
PureSense Anti Ageing Sheet Mask with Avocado & Kakadu Plum...,125,35,https://dealsheaven.in/deal/puresense-anti-ageing-sheet-mask-with-avocado-kakadu-plum-100-natural-organic-for-nourished-deeply-hydrated-skin-for-dry-oily-and-combination-skin-from-the-makers-of-parachute-advansed-15g,Amazon
iBELL Inverter ARC Welding Machine (IGBT) 220A with Hot Star...,10700,6515,https://dealsheaven.in/deal/ibell-inverter-arc-welding-machine-igbt-220a-with-hot-start-anti-stick-functions-arc-force-control-2-year-warranty,Amazon
"[Coupon + bank offer] Godrej 7 Kg 5 Star, With AI Tech, I-Se...",46500,22832,https://dealsheaven.in/deal/godrej-7-kg-5-star-with-ai-tech-i-sense-technology-fully-automatic-front-load-washing-machine-2024-model-wfeon-crs-7010-50-fkedm-glwh-inbuilt-heater-and-fabrisafe-drum-glacial-white,Amazon
